order_id,order_item_id,product_id,seller_id,shipping_limit_date,price,freight_value,order_purchase_timestamp,year_quarter
02190241f7190a1f3c7e0df95a749c6a,1,e00d2c49504aeaf7acdc9ff7cf8a6107,46dc3b2cc0980fb8ec44634e21d2718e,2016-10-12 04:44:23,249.99,10.74,2016-10-07 10:52:22,2016Q4
02190241f7190a1f3c7e0df95a749c6a,2,e00d2c49504aeaf7acdc9ff7cf8a6107,46dc3b2cc0980fb8ec44634e21d2718e,2016-10-12 04:44:23,249.99,10.74,2016-10-07 10:52:22,2016Q4
021d08e4057e5b6414c8d2f69f4f72a0,1,a819714dd23a6ac18b1be2b13686017b,ffff564a4f9085cd26170f4732393726,2016-10-17 19:01:41,51.5,14.53,2016-10-07 17:37:49,2016Q4
02a0eb7c22b0616c767a45954a2a28f6,1,5f8c74f4a3d2b616857fcb7d4dd1f61a,83e197e95a1bbabc8c75e883ed016c47,2016-10-14 08:14:53,119.5,25.04,2016-10-09 10:34:58,2016Q4
03128233e78ed8ade6738f2043f4cf8d,1,3cacd5299c846cb08ae1e445fd78392b,c7dcd301ecfe5ab7f778ac172cf74be7,2016-10-21 16:25:24,57.9,14.61,2016-10-04 19:01:13,2016Q4
03ffce741877a000ca0fb3520673d4c4,1,660422061e06da17ca6101e9d6b7aae8,76d5af76d0271110f9af36c92573f765,2016-10-10 16:02:37,649.0,169.12,2016-10-05 15:17:57,2016Q4
04bc36cd51141e11c2cbbd188b6e47ca,1,0fc6914383c2bea767a9562c9d8b43a1,8c16d1f32a54d92897cc437244442e1b,2016-10-13 14:35:21,43.89,14.52,2016-10-08 20:28:48,2016Q4
05bfcf9e287cad216cadb8a850f8db5c,1,eba7488e1c67729f045ab43fac426f2e,620c87c171fb2a6dd6e8bb4dec959fc6,2016-10-10 16:05:52,249.9,17.59,2016-10-06 10:47:15,2016Q4
05bfcf9e287cad216cadb8a850f8db5c,2,eba7488e1c67729f045ab43fac426f2e,620c87c171fb2a6dd6e8bb4dec959fc6,2016-10-10 16:05:52,249.9,17.59,2016-10-06 10:47:15,2016Q4
05c7d88e9c05e1fa1428f1ff2dcc29da,1,4e0946aebc8e1d7521219ec1e7380aed,817f85dbb65aa3e70831d90fe75cdf89,2016-10-21 16:18:08,128.9,16.04,2016-10-07 02:41:42,2016Q4
063b573b88fc80e516aba87df524f809,1,3d37da85f5e66558333fb5daee494736,ecccfa2bb93b34a3bf033cc5d1dcdc69,2016-10-21 16:23:11,69.9,17.63,2016-10-07 19:17:00,2016Q4
06d7e8a85f5cfef576c5303ed7d7f2e5,1,989fd236458b9c0410bc6e1cf23cde4d,c9a06ece156bb057372c68718ec8909b,2016-10-11 12:36:07,49.0,14.72,2016-10-07 12:06:30,2016Q4
0891b66cbcc48cf64f31ae9cae3d08d8,1,cf78006a2a6b0429b9663edd99bb38f9,710e3548e02bc1d2831dfc4f1b5b14d4,2016-10-14 03:55:40,299.99,17.91,2016-10-09 13:57:42,2016Q4
08edff712f0cd04883215bdb5b0d7c7f,1,5e80fe2cee2f6de9a494047ed35a2fe3,e5a38146df062edaf55c38afa99e42dc,2016-10-12 16:34:44,69.99,12.09,2016-10-08 13:54:03,2016Q4
09dd83f72b2516179cd46b81121fad23,1,6d2928252aa5ba6a5fc439571dd0d748,ce27a3cc3c8cc1ea79d11e561e9bebb6,2016-10-16 04:02:06,58.0,21.99,2016-10-10 16:55:10,2016Q4
0a0837a5eee9e7a9ce2b1fa831944d27,1,583916a5dae918f5e89baec139141c54,3481aa57cd91f9f9d3fa1fa12d9a3bf7,2016-10-10 11:43:22,49.99,15.51,2016-10-04 09:06:10,2016Q4
0a5d7e24850c68bf00d39bd62a9a45ee,1,a8fe47ad6f852f93cc92c7b408687de3,aaed1309374718fdd995ee4c58c9dfcd,2016-10-14 00:23:11,62.9,17.35,2016-10-09 11:43:43,2016Q4
0c22166d9f7e5761e397affa5af438c7,1,d0ae5110da1575c15853f122de459f4b,b17b679f4f5ce2e03ce6968c62648246,2016-10-14 12:02:28,90.0,26.89,2016-10-09 22:31:44,2016Q4
0c7fc95baa5e16992ed412ccea7f28b3,1,9805b37a2e4983fb5dbb5c8168590c44,d101c6da914ae3d53f7bee42283f2fe2,2016-10-11 03:10:07,89.9,23.27,2016-10-05 08:46:55,2016Q4
0ca768c507d1fc3c61bd950bb1c5231a,1,83a26c42a5f94b7456425cd0cd20daf8,46dc3b2cc0980fb8ec44634e21d2718e,2016-10-21 16:28:00,94.99,17.53,2016-10-10 15:20:14,2016Q4
0d9664d8da1dc4337269071b39e19423,1,eba7488e1c67729f045ab43fac426f2e,620c87c171fb2a6dd6e8bb4dec959fc6,2016-10-10 22:37:21,249.9,17.59,2016-10-06 22:00:27,2016Q4
0e556f5eafbf3eb399290101b183b10e,1,aafec8ef0f0e7bf2f2b811450df61818,0ea22c1cfbdc755f86b9b54b39c16043,2016-10-10 19:31:39,24.9,22.93,2016-10-06 18:50:25,2016Q4
0e556f5eafbf3eb399290101b183b10e,2,aafec8ef0f0e7bf2f2b811450df61818,0ea22c1cfbdc755f86b9b54b39c16043,2016-10-10 19:31:39,24.9,22.93,2016-10-06 18:50:25,2016Q4
0ec61157a488963fe217233f74c52760,1,895fc53d66ecb6c1afc40138dbc2a73c,c43d924a0f1688ee9fae0efcd6f539d4,2016-10-14 11:04:05,29.9,15.11,2016-10-09 23:50:37,2016Q4
0efd0bc268d34da3f01f4ff25a6d4335,1,6dab56beb5263f0d554cae5c55809208,f4aba7c0bca51484c30ab7bdc34bcdd1,2016-10-11 16:12:23,39.7,24.7,2016-10-07 15:53:31,2016Q4
1069874467b6a425853288c450f68fc9,1,d0b92134fa97a1ead038775a821847ea,8a32e327fe2c1b3511609d81aaf9f042,2016-10-11 23:13:46,29.99,10.96,2016-10-07 22:51:32,2016Q4
10d1e90a86d2be981a52b6a927c97dc5,1,d38b73f9519632415b56acb83abc77fa,575df70bde3f9f2b30bf8d2e9910d725,2016-10-11 10:11:31,199.9,33.7,2016-10-06 15:19:40,2016Q4
10d1e90a86d2be981a52b6a927c97dc5,2,d38b73f9519632415b56acb83abc77fa,575df70bde3f9f2b30bf8d2e9910d725,2016-10-11 10:11:31,199.9,33.7,2016-10-06 15:19:40,2016Q4
11837ac14fcdfb163c0b78d91be89498,1,a6b32d26b9f925954b1cd8339f664a6a,0747d5bb69f0586cc869d8af4c50f93e,2016-10-21 16:18:48,39.9,16.05,2016-10-06 13:39:20,2016Q4
119d2d80c921d5b4806a1b19b4e8c531,1,a07f07c939807b4c970452eb30a130e6,7dc8c42cc750eeafea6c85712ffee9bf,2016-10-11 19:29:13,249.0,16.95,2016-10-07 19:02:48,2016Q4
12ca240539e7029e0328f0a410c12ad1,1,a25d948ddec359c8d80978d139a4db83,86bb7c4b535e49a541baf3266b1c95b1,2016-10-14 16:43:18,279.9,18.01,2016-10-10 16:00:33,2016Q4
14b01335f19b97fce1437168032ae388,1,ad5396bf96af6ede77130e54ad266c61,184a67a8f9f63234d3a92340bbdb727f,2016-10-10 15:59:20,22.37,39.93,2016-10-05 19:09:33,2016Q4
14b01335f19b97fce1437168032ae388,2,98cd3776d33bddd0ebf8ad8b4732d1b4,184a67a8f9f63234d3a92340bbdb727f,2016-10-10 15:59:20,22.37,3.99,2016-10-05 19:09:33,2016Q4
14b01335f19b97fce1437168032ae388,3,ace91f88d635b9e5563e36cc0a0a8f09,0336182e1b3e92f029d5354832045fdf,2016-10-10 15:59:20,14.9,4.26,2016-10-05 19:09:33,2016Q4
14b01335f19b97fce1437168032ae388,4,c006d1427332464b79808bd9dfaec943,184a67a8f9f63234d3a92340bbdb727f,2016-10-10 15:59:20,22.37,3.99,2016-10-05 19:09:33,2016Q4
14b01335f19b97fce1437168032ae388,5,57d9a5d185e8254383504f57c4b8ddcc,0336182e1b3e92f029d5354832045fdf,2016-10-10 15:59:20,14.9,13.31,2016-10-05 19:09:33,2016Q4
18dad78c0f87f4c45ef196daeaa3ffbb,1,0fc6914383c2bea767a9562c9d8b43a1,8c16d1f32a54d92897cc437244442e1b,2016-10-10 15:55:40,43.89,14.52,2016-10-05 08:01:47,2016Q4
1970f2fb4b83ff962a75b064abc37f4c,1,545085671b9f2d7d2e1a9110b15d838c,4d600e08ecbe08258c79e536c5a42fee,2016-10-21 16:32:32,633.0,20.39,2016-10-06 07:53:10,2016Q4
19feb5627c41ea1b36a8e50a469b3644,1,4c72e6d081c8a1b5430351d015eb86ba,391fc6631aebcf3004804e51b40bcf1e,2016-10-11 17:32:10,193.8,18.52,2016-10-07 17:09:56,2016Q4
1a2b0033f0b7a3116f00594ec5524344,1,f422d0d9f8b5f7c27289382b14b61248,1554a68530182680ad5c8b042c3ab563,2016-10-17 23:58:23,69.99,17.58,2016-10-06 22:23:25,2016Q4
1a47da1d66c70489c8e35fe2b5433ab7,1,eba7488e1c67729f045ab43fac426f2e,620c87c171fb2a6dd6e8bb4dec959fc6,2016-10-11 18:53:48,249.9,20.85,2016-10-07 18:16:31,2016Q4
1add1aa4c6e709fd74a4eb691a9fc6bc,1,21fb5057dd6a737df6851a7ab7a130da,b14db04aa7881970e83ffa9426897925,2016-10-11 08:29:50,49.0,25.15,2016-10-06 17:45:30,2016Q4
1b122a7be89622f672bb41380a83b69f,1,1dcff375b928a1807562ea4a895a8046,e8f6dc8e6a1dcde89d20e3995c8d90b3,2016-10-15 22:02:14,74.9,12.02,2016-10-08 21:37:30,2016Q4
1b2d622f7ebb8e65f7de3e389f052540,1,1c1baeabe25824c8c22b511643852906,b17b679f4f5ce2e03ce6968c62648246,2016-10-10 15:51:13,40.9,11.03,2016-10-06 11:05:43,2016Q4
1c4cafd25254eee31c8c9b8c141fb10a,1,09b590ada623ecf66329917ea4731957,4d600e08ecbe08258c79e536c5a42fee,2016-10-21 16:38:22,649.17,22.14,2016-10-06 10:12:12,2016Q4
1c4deb98d216d2fda120204a5fcfb57d,1,e7ffaa35a5caaca3366f5cc5705b5fb2,c7dcd301ecfe5ab7f778ac172cf74be7,2016-10-21 16:28:47,49.9,16.78,2016-10-04 23:26:51,2016Q4
1dd1d53c1ea5df0ef093bf150807315f,1,3d37da85f5e66558333fb5daee494736,ecccfa2bb93b34a3bf033cc5d1dcdc69,2016-10-21 16:28:10,69.9,17.63,2016-10-07 10:44:21,2016Q4
1e8c2b738fde51956f03f1a59bc86003,1,bfe05de8c1ac3259ae43ada77182d840,e24fc9fcd865784fb25705606fe3dfe7,2016-10-21 16:22:26,210.0,36.09,2016-10-08 10:07:25,2016Q4
1ebeec1bb9ce388ee2e00d401058ca8b,1,e7f5908a3c9844728d24e3322254b109,7008613ea464bad5cb9b83456e1e6a8f,2016-10-15 05:02:16,39.9,15.7,2016-10-09 22:36:49,2016Q4
1ff217aa612f6cd7c4255c9bfe931c8b,1,33430c5c1027d812b5c62f778e5ee7f7,4b1eaadf791bdbbad8c4a35b65236d52,2016-10-21 16:33:45,32.49,11.74,2016-10-04 09:16:33,2016Q4
22613579f7d11cc59c4347526fc3c79e,1,3ff81cd0e0861e991bb0106c03c113ca,86bb7c4b535e49a541baf3266b1c95b1,2016-10-08 14:27:50,379.9,18.22,2016-10-04 13:45:08,2016Q4
2276cb38c742033aac3f4a4d67b57ab3,1,027cdd14a677a5834bc67a9789db5021,620c87c171fb2a6dd6e8bb4dec959fc6,2016-10-21 16:35:38,89.9,15.49,2016-10-06 17:42:49,2016Q4
24523db64c1af3f40f27cb4416fa5ea6,1,636f5be2cd52da4047bb73b7b15329e3,5f0057b677eb963672bf05dfa3f16c34,2016-10-11 21:32:42,132.0,15.08,2016-10-07 21:19:32,2016Q4
25f680bf746bec3df11d48318ff015de,1,bcaa4355b2521984b94978febf3f2b10,bd4ff04377f974574f7f0bf9d6ce7dde,2016-10-21 16:22:45,39.99,15.63,2016-10-09 22:42:35,2016Q4
262118ce178bb3e4590a3adcf6d62e6b,1,6aeed495dcb87dd06532f70dea6ebb5a,b56906f7fd1696e043f1bcce164c487b,2016-10-11 12:13:50,59.9,28.97,2016-10-06 14:59:56,2016Q4
262118ce178bb3e4590a3adcf6d62e6b,2,6aeed495dcb87dd06532f70dea6ebb5a,b56906f7fd1696e043f1bcce164c487b,2016-10-11 12:13:50,59.9,28.97,2016-10-06 14:59:56,2016Q4
2631dba338efbcea9c3ace77ce210c01,1,8b2a1e0d2ee4fa00cd00519b7881203a,6cf476a4ca74498db55cbccdaa9dcfb6,2016-10-31 16:27:41,499.99,94.47,2016-10-06 08:28:19,2016Q4
27c7c6aa7b6f3de99d2a3a64674d296f,1,1dc6a19ea34c75792743abebd47309d3,f5f2ab9bdb6b30c14c61be68c5ed37da,2016-10-10 16:03:32,101.9,21.3,2016-10-05 22:53:45,2016Q4
2825848807f070485f0f0ef3829758f4,1,1d9c26a3cc1a9a167955e3922b597210,e8f6dc8e6a1dcde89d20e3995c8d90b3,2016-10-14 11:03:19,11.9,10.96,2016-10-09 22:36:44,2016Q4
2c45c33d2f9cb8ff8b1c86cc28c11c30,1,e24f73b7631ee3fbb2ab700a9acaa258,0cbcee27c791afa0cdcb08587a2013a8,2016-10-14 10:40:50,135.0,18.51,2016-10-09 15:39:56,2016Q4
2d9e3c3c7f0f3ba8a8fa3db2f1211ceb,1,cfd43c5e600d45ac029357406b05dd82,ed859002ad59dbf8cf3602696a6c3000,2016-10-21 16:25:46,149.9,19.33,2016-10-05 17:09:07,2016Q4
2d9e3c3c7f0f3ba8a8fa3db2f1211ceb,2,cfd43c5e600d45ac029357406b05dd82,ed859002ad59dbf8cf3602696a6c3000,2016-10-21 16:25:46,149.9,19.33,2016-10-05 17:09:07,2016Q4
2d9e3c3c7f0f3ba8a8fa3db2f1211ceb,3,cfd43c5e600d45ac029357406b05dd82,ed859002ad59dbf8cf3602696a6c3000,2016-10-21 16:25:46,149.9,19.33,2016-10-05 17:09:07,2016Q4
2d9e3c3c7f0f3ba8a8fa3db2f1211ceb,4,cfd43c5e600d45ac029357406b05dd82,ed859002ad59dbf8cf3602696a6c3000,2016-10-21 16:25:46,149.9,19.33,2016-10-05 17:09:07,2016Q4
2e32dea8a4d1ae5499a67674b387bc6a,1,f9bb291280bceedf7840b89e1e75b89c,391fc6631aebcf3004804e51b40bcf1e,2016-10-21 16:32:48,39.99,11.95,2016-10-06 02:53:39,2016Q4
2e8e21db96a8ab922e51cd297678c6b2,1,87ecdbf76c33c8f2dabc40eeb821dc6b,d4d99b60c4c94cd35acd502cec65dc8d,2016-10-14 01:16:09,72.9,14.39,2016-10-09 12:13:58,2016Q4
2f9d4ee8ca77fe0951ebfe9064cad953,1,cd2c03056720c7de4d6a59c1167bdee0,0ea22c1cfbdc755f86b9b54b39c16043,2016-10-15 12:03:03,79.9,11.17,2016-10-09 23:38:19,2016Q4
2fbb05b3ee700e1897b9fa501e416005,1,de6517dda8e49774f58c07f80abc8d7a,ffff564a4f9085cd26170f4732393726,2016-10-27 16:29:16,69.0,11.94,2016-10-10 15:37:12,2016Q4
2fd1c83dd4714cf3cf796fffb6c8de62,1,17c7ec33a1657924ad493e6978b4bf91,3d01d1c414c44b5943a09619ff3853cb,2016-10-10 15:55:42,99.0,9.12,2016-10-05 17:21:29,2016Q4
2fd1c83dd4714cf3cf796fffb6c8de62,2,966a067b38634929844120e39b1576bc,61f159ef6da2d441951d2c0efa719362,2016-10-10 15:55:41,59.99,24.08,2016-10-05 17:21:29,2016Q4
31b0dd6152d2e471443debf037ae171d,1,473795a355d29305c3ea6b156833adf5,620c87c171fb2a6dd6e8bb4dec959fc6,2016-10-10 16:03:46,59.9,11.3,2016-10-05 12:32:55,2016Q4
323dad8c483c7f8b818a825d257f4aa0,1,152153cc85a6e47325494a479a93fc4b,2138ccb85b11a4ec1e37afbd1c8eda1f,2016-10-11 10:16:04,29.9,8.72,2016-10-06 20:05:04,2016Q4
3379d980824f0aa5dab057f2530759bb,1,33fac76e7f17367dedaef7954bbb33b4,56642bcb79900e777d68e91915cb4267,2016-10-16 04:01:59,72.0,15.9,2016-10-10 16:39:37,2016Q4
34c718970b33419ed6d537a90366231b,1,7ed8c74b7ad2f1790a24a24c071da537,46dc3b2cc0980fb8ec44634e21d2718e,2016-10-10 15:44:00,119.99,14.81,2016-10-05 08:41:18,2016Q4
356b492aba2d1a7da886e54e0b6212b7,1,eba7488e1c67729f045ab43fac426f2e,620c87c171fb2a6dd6e8bb4dec959fc6,2016-10-21 16:35:37,249.9,17.59,2016-10-04 14:44:33,2016Q4
35b8e54d765e6b217e2dc5ab34f6b323,1,b4763c2caeeac2424b64aa199789b81b,897060da8b9a21f655304d50fd935913,2016-10-11 03:10:10,38.0,16.71,2016-10-06 12:23:07,2016Q4
35b8e54d765e6b217e2dc5ab34f6b323,2,2c41d13dc2cf0e9c2e8db8952f0f3ff3,897060da8b9a21f655304d50fd935913,2016-10-11 03:10:10,38.0,16.72,2016-10-06 12:23:07,2016Q4
35b8e54d765e6b217e2dc5ab34f6b323,3,0bfd2b8146cd034448f6e4c8ac8e47f0,897060da8b9a21f655304d50fd935913,2016-10-11 03:10:10,38.0,16.72,2016-10-06 12:23:07,2016Q4
35b8e54d765e6b217e2dc5ab34f6b323,4,0ee7a6e1cd4ecf72e711a2f68b4d8d2e,897060da8b9a21f655304d50fd935913,2016-10-11 03:10:10,38.0,16.72,2016-10-06 12:23:07,2016Q4
35d3a51724a47ef1d0b89911e39cc4ff,1,c1488892604e4ba5cff5b4eb4d595400,1554a68530182680ad5c8b042c3ab563,2016-10-14 02:44:30,39.99,22.34,2016-10-04 14:23:50,2016Q4
35d8c6d5e060ad24271ffda186312ef8,1,f436a5130457df6b73cdb2c12a90ea2b,dd2bdf855a9172734fbc3744021ae9b9,2016-10-15 13:42:50,169.9,22.66,2016-10-10 08:36:05,2016Q4
36989eb07a0de2d3d3129eea35553875,1,43bb8825dd6838251606e5e4130cfff4,939f6e231201f26803cb5c3a3d2940b3,2016-10-08 13:46:32,23.9,26.82,2016-10-04 13:11:29,2016Q4
36989eb07a0de2d3d3129eea35553875,2,43bb8825dd6838251606e5e4130cfff4,939f6e231201f26803cb5c3a3d2940b3,2016-10-08 13:46:32,23.9,26.82,2016-10-04 13:11:29,2016Q4
376cc9a8f827d17966ea7c4b182f4426,1,79938780eb7ffb7289f59a9a283bc06b,ecccfa2bb93b34a3bf033cc5d1dcdc69,2016-10-11 19:28:40,59.9,11.31,2016-10-07 19:16:49,2016Q4
389815397a4bcdf3dcf64b90c25b3140,1,2636a9812d151c718b53387171ce08be,b17b679f4f5ce2e03ce6968c62648246,2016-10-10 16:03:01,30.97,14.52,2016-10-05 20:36:39,2016Q4
38c5c2886f2aab75bb1ae3f79a3f300d,1,5a6b04657a4c5ee34285d1e4619a96b4,ecccfa2bb93b34a3bf033cc5d1dcdc69,2016-10-12 09:10:47,54.99,9.49,2016-10-08 08:25:32,2016Q4
39d0be719247e3b3a38846ba810197ea,1,e095c986136fd680308f08bc98f20a53,05ff92fedb5be47920fea08e501238b9,2016-10-21 16:18:29,89.0,32.01,2016-10-04 16:02:18,2016Q4
3b2ca3293a7ce539ea2379d704fa37ce,1,33e0cfd1cd80a0491da068d7a7f93ff8,dd2bdf855a9172734fbc3744021ae9b9,2016-10-10 15:47:18,169.9,14.97,2016-10-05 12:44:09,2016Q4
3b697a20d9e427646d92567910af6d57,1,3ae08df6bcbfe23586dd431c40bddbb7,522620dcb18a6b31cd7bdf73665113a9,2016-10-21 16:27:20,29.9,15.56,2016-10-03 09:44:50,2016Q4
3c3ca08854ca922fe8e9cedfd6841c8a,1,ac6c24af9f913c9375a3ea77883bda6e,5206cc4bc2297c833e6061c49bf9c43f,2016-10-12 13:21:35,35.0,10.96,2016-10-08 12:13:38,2016Q4
3d58fd1ee438a43f2a826dda6b013519,1,c2c503e76e239d461b3e92222f6b49c5,f5f2ab9bdb6b30c14c61be68c5ed37da,2016-10-21 16:21:57,41.99,19.07,2016-10-06 19:33:34,2016Q4
3d7d60b10ba4b43cf6f6d5df2e933f67,1,5c12fb778168a77e3ffc8d7dd7a689fd,0307f7565ff85b299b6e5ef162b1b1a9,2016-10-21 16:25:18,16.9,10.96,2016-10-10 18:09:39,2016Q4
3d7e8f32f5b59e005ccfc1076b4040b5,1,473795a355d29305c3ea6b156833adf5,620c87c171fb2a6dd6e8bb4dec959fc6,2016-10-15 05:02:06,59.9,25.18,2016-10-08 22:34:11,2016Q4
3e9334d33c1e64167920675211fb1aee,1,c57d1d566402540eb9be608112ced702,522620dcb18a6b31cd7bdf73665113a9,2016-10-14 15:02:15,49.0,16.11,2016-10-10 14:20:38,2016Q4
3f72d2b757e725cd48a4726f831c7789,1,eba7488e1c67729f045ab43fac426f2e,620c87c171fb2a6dd6e8bb4dec959fc6,2016-10-10 16:45:50,249.9,17.59,2016-10-04 13:15:46,2016Q4
3f913d30288c117e41ffe5cc74743dc9,1,b76d57984db550fe9e6f3ad3467e3025,c9a06ece156bb057372c68718ec8909b,2016-10-10 15:53:07,79.9,18.65,2016-10-05 14:36:55,2016Q4
42c5091238dc63339c79f5f35f8a5a6b,1,4b88b15eb9d5ad74ffa095bcd4ddb64f,2199e7fe213c16213bf5d6a7eadc9a5d,2016-10-14 11:04:05,311.0,27.68,2016-10-10 09:57:05,2016Q4
4421f094ff828b78aba6d18db005821d,1,d32c445df9d36f1cdfc915ed14ee44cd,b335c59ab742f751a85db9c411a86739,2016-10-14 12:02:36,65.9,23.18,2016-10-10 10:22:55,2016Q4
4551b488487e6cfa31f9e35073d3c5d4,1,1e571e871a93944c5c48e6226f2cd94e,ecccfa2bb93b34a3bf033cc5d1dcdc69,2016-10-15 17:16:28,87.99,16.61,2016-10-09 12:43:21,2016Q4
45973912e490866800c0aea8f63099c8,1,46d66b9ad911a2cea5e3c9127aa7fac5,ed859002ad59dbf8cf3602696a6c3000,2016-10-11 22:58:38,178.9,21.75,2016-10-07 22:45:28,2016Q4
45973912e490866800c0aea8f63099c8,2,46d66b9ad911a2cea5e3c9127aa7fac5,ed859002ad59dbf8cf3602696a6c3000,2016-10-11 22:58:38,178.9,21.75,2016-10-07 22:45:28,2016Q4
45bff70fb7b99a5a33bc8ccb3786e170,1,838944cf86ccee50e01a52fba21cf29b,b56906f7fd1696e043f1bcce164c487b,2016-10-14 12:02:12,56.0,20.47,2016-10-09 22:38:37,2016Q4
45ec58d30f2023e4dac16d956a657ddd,1,afad7a4420a4348d41da23ed8d0902dd,3481aa57cd91f9f9d3fa1fa12d9a3bf7,2016-10-15 05:02:02,59.9,27.61,2016-10-10 10:28:51,2016Q4
46046adea0e222a29259bad3d922fee8,1,79bcd1f7f00535c801244eb999d8d290,99eaacc9e6046db1c82b163c5f84869f,2016-10-21 16:29:32,199.0,15.98,2016-10-04 10:41:17,2016Q4
4723d255a158f5b6c5a872264e3529c5,1,7cd29da0653abeb444703cc5a957f479,620c87c171fb2a6dd6e8bb4dec959fc6,2016-10-13 14:55:15,49.9,18.82,2016-10-08 20:16:05,2016Q4
48c43415ea1c4af9afa92542183b6e55,1,5cca824e6a0eebe738c8a6381d0d9349,4e922959ae960d389249c378d1c939f5,2016-10-21 16:29:59,19.0,14.52,2016-10-10 17:49:21,2016Q4
4b038a7f8dfc36755eca741381e379e3,1,79938780eb7ffb7289f59a9a283bc06b,ecccfa2bb93b34a3bf033cc5d1dcdc69,2016-10-21 16:26:52,59.9,17.7,2016-10-10 11:39:06,2016Q4
4b038a7f8dfc36755eca741381e379e3,2,79938780eb7ffb7289f59a9a283bc06b,ecccfa2bb93b34a3bf033cc5d1dcdc69,2016-10-21 16:26:52,59.9,17.7,2016-10-10 11:39:06,2016Q4
4d66b3a9d12facad48a3b23cc9fe7898,1,0c5801458e74f9b6c23b44c331426e30,e8f6dc8e6a1dcde89d20e3995c8d90b3,2016-10-08 14:09:08,89.9,17.51,2016-10-04 13:40:43,2016Q4
4dd47e84e6b8ff4a63d0b8425e6d788e,1,2aa489c905e1d41d8c716a6d6912d8c2,620c87c171fb2a6dd6e8bb4dec959fc6,2016-10-11 01:09:09,299.9,13.68,2016-10-06 23:49:18,2016Q4
4eca6c2d172953276c75dd0e1bedce25,1,990ecadcf56234a68b3a0af8d01c0d8a,620c87c171fb2a6dd6e8bb4dec959fc6,2016-10-10 16:51:46,59.9,14.93,2016-10-06 16:13:30,2016Q4
4fb7f38042d214ada4d81cc23d228cc8,1,dd6a505f83dd3c6326aa9856519e0978,fa40cc5b934574b62717c68f3d678b6d,2016-10-15 10:44:13,49.9,24.84,2016-10-10 00:01:50,2016Q4
50013835d7b14aefb452825864d3e414,1,473795a355d29305c3ea6b156833adf5,620c87c171fb2a6dd6e8bb4dec959fc6,2016-10-21 16:19:17,59.9,14.86,2016-10-04 16:08:52,2016Q4
509a52223ecac6d67fb765b3b37c6974,1,10dd77710da08ea43018cb3b4cedff92,38e679b9e0064cd94c6f035707344dae,2016-10-21 16:23:01,44.9,20.8,2016-10-06 18:11:11,2016Q4
50f357099566f1be7abfaf8d9dc5b004,1,bcaa4355b2521984b94978febf3f2b10,bd4ff04377f974574f7f0bf9d6ce7dde,2016-10-21 16:34:06,39.99,11.81,2016-10-07 17:13:42,2016Q4
51725d3e4bdfc97e28b40543310da8a3,1,79938780eb7ffb7289f59a9a283bc06b,ecccfa2bb93b34a3bf033cc5d1dcdc69,2016-10-09 17:06:52,59.9,14.87,2016-10-04 15:02:53,2016Q4
51725d3e4bdfc97e28b40543310da8a3,2,8f1e43e0e3374ed8c84df748034d6179,ecccfa2bb93b34a3bf033cc5d1dcdc69,2016-10-09 17:06:52,59.9,14.87,2016-10-04 15:02:53,2016Q4
517e0a52c193102990befc46a5c5245a,1,bb0697bdc552a255c992d331ca09afe3,8b11118053756a9a2932f447e11fc1b5,2016-10-10 23:11:28,79.99,11.17,2016-10-06 22:34:03,2016Q4
5204d67853f827d1ee32810bf8f2d6c2,1,b6f134ff2933bb0ee1f36e2865f21a91,0c8380b62e38e8a1e6adbeba7eb9688c,2016-10-10 15:45:44,139.9,21.34,2016-10-04 17:25:09,2016Q4
54bb06e1ca86bd99ee2a8d6288bf4ede,1,bef13288a0f8b26d763411ced1dfa268,cf281cf8b7affbdfe751b29cc85580e1,2016-10-29 09:43:46,64.9,25.33,2016-10-06 13:38:39,2016Q4
552e0a8dae101e32155120202f427b71,1,e4fe462cce9f36e312b869418a86bc3a,2b1a40c1daabc6ca280c4b815c101841,2016-10-14 08:35:12,195.0,34.57,2016-10-09 11:23:21,2016Q4
552e0a8dae101e32155120202f427b71,2,e4fe462cce9f36e312b869418a86bc3a,2b1a40c1daabc6ca280c4b815c101841,2016-10-14 08:35:12,195.0,34.57,2016-10-09 11:23:21,2016Q4
555761ab2426364f42e9e018047df4e0,1,9805b37a2e4983fb5dbb5c8168590c44,d101c6da914ae3d53f7bee42283f2fe2,2016-10-11 14:52:05,89.9,23.27,2016-10-07 14:42:24,2016Q4
56eb381fff8db8d35134693062514084,1,7f524cd9e1d47c5aa4b15b54d6d146cb,7a073a40a9d3f1fee8bc45670ea1e909,2016-10-25 06:03:26,95.0,17.78,2016-10-09 12:34:53,2016Q4
57c0b0276ce0eaf721a4424bf077ce8b,1,8814a3da37fb9673a5ac06f82a2a00a9,391fc6631aebcf3004804e51b40bcf1e,2016-10-12 09:03:41,59.9,32.4,2016-10-08 08:05:21,2016Q4
57c0b0276ce0eaf721a4424bf077ce8b,2,8814a3da37fb9673a5ac06f82a2a00a9,391fc6631aebcf3004804e51b40bcf1e,2016-10-12 09:03:41,59.9,32.4,2016-10-08 08:05:21,2016Q4
57c0b0276ce0eaf721a4424bf077ce8b,3,52b668edc0d0c20cd9319bfda4019597,391fc6631aebcf3004804e51b40bcf1e,2016-10-12 09:03:41,59.9,16.2,2016-10-08 08:05:21,2016Q4
59e7ca596664da0a459a145eb95cc9c5,1,bf128b5dced56e2ec0391179eb70443d,46dc3b2cc0980fb8ec44634e21d2718e,2016-10-21 16:20:49,329.99,12.7,2016-10-05 14:40:44,2016Q4
59f26737bbeea8142a7e982cfce13e7a,1,707e0fe138efb7009e1cd32efe19ce83,fa5fdc4e4bb6bd1009ad0e4ac4096562,2016-10-14 13:01:34,161.99,32.86,2016-10-10 12:39:06,2016Q4
59fa27082bb77c5dbd8a6568f3b34380,1,4e0946aebc8e1d7521219ec1e7380aed,817f85dbb65aa3e70831d90fe75cdf89,2016-10-21 16:35:22,128.9,16.04,2016-10-06 11:32:00,2016Q4
5a7ae4ca802c14fdff19558a4fee8727,1,f9bcf9d8e89d012d7dc24fe4de0abd80,897060da8b9a21f655304d50fd935913,2016-10-16 04:01:55,164.0,18.65,2016-10-10 17:16:03,2016Q4
5b1376fe61863fe3508011db309e35fe,1,2235d08138bfce7801a73463a3168ea5,440dd6ab244315c632130ecfb63827b1,2016-10-09 03:11:34,149.9,27.38,2016-10-04 13:16:57,2016Q4
5bda3e4d7080c484cd646a53165a7892,1,a063b454bac19ab435a4594bab9b9eed,700f03c207639c22d933381ff60b35c2,2016-10-11 21:59:02,379.98,35.7,2016-10-07 21:30:12,2016Q4
5c5c9fde60ffb741545cf2608e8c12ca,1,4af813a3e5bc89370ef80fe126542076,46dc3b2cc0980fb8ec44634e21d2718e,2016-10-14 11:02:17,549.99,63.79,2016-10-09 23:55:30,2016Q4
5c973d2b4652e1dec15353b59339f3b4,1,e9eebb8e8ba0fadb9020f8ba1c003b48,620c87c171fb2a6dd6e8bb4dec959fc6,2016-10-11 12:13:52,349.9,13.61,2016-10-07 10:45:48,2016Q4
5cb8558cbb7c0c2f00f43468579d3e3c,1,ad5396bf96af6ede77130e54ad266c61,184a67a8f9f63234d3a92340bbdb727f,2016-10-09 03:10:59,22.37,17.78,2016-10-04 15:02:37,2016Q4
5cc475c7c03290048eb2e742cd64cb5e,1,3410cbd7df2130ec3cb9300ef0fe3df1,897060da8b9a21f655304d50fd935913,2016-10-09 03:10:31,71.0,11.69,2016-10-04 21:54:52,2016Q4
5cd498954e2b37d71b315166809b4bd7,1,896a64a7f34cdfef2c60ce59fa2a148f,82bd0703a4aefd6b599e5bfdaed378fb,2016-10-12 03:56:16,44.9,15.63,2016-10-07 00:54:40,2016Q4
5cd498954e2b37d71b315166809b4bd7,2,896a64a7f34cdfef2c60ce59fa2a148f,82bd0703a4aefd6b599e5bfdaed378fb,2016-10-12 03:56:16,44.9,15.63,2016-10-07 00:54:40,2016Q4
5cd498954e2b37d71b315166809b4bd7,3,896a64a7f34cdfef2c60ce59fa2a148f,82bd0703a4aefd6b599e5bfdaed378fb,2016-10-12 03:56:16,44.9,15.63,2016-10-07 00:54:40,2016Q4
5da2004d85f2828349d887c989da2adc,1,72bf8fd8b4596a7fa2c2cfab031204ed,87f3e35268860433e13d577825aada95,2016-10-11 02:48:26,19.9,14.52,2016-10-05 20:20:59,2016Q4
5f4c8250b9e6ee47971e0b19da4aa0f2,1,c62dee961914cc2e49239963b04258ec,38874e327ce94d11390b96eb42d61928,2016-10-12 11:12:54,689.99,93.23,2016-10-08 10:31:00,2016Q4
5f834cc4ee109c58dff88c60b8ba5ecf,1,7a18f72d8f0acfbd60eea36f2644ce8e,4bde6149c15cf7e177b36fa060dd6de8,2016-10-21 16:35:18,79.9,16.33,2016-10-10 11:22:36,2016Q4
5fe46d14177744ae2180101ce19bb414,1,aad225c687cc75ba1148d41f2ce414c2,2f4b9d112bfa44a214bc6cef085d17c8,2016-10-11 11:39:35,18.9,22.28,2016-10-07 10:06:58,2016Q4
60762802b48bb6d256d55b013d115013,1,eba7488e1c67729f045ab43fac426f2e,620c87c171fb2a6dd6e8bb4dec959fc6,2016-10-21 16:35:08,249.9,14.03,2016-10-04 14:49:13,2016Q4
60856ac7677a70cd87ad25d9b34d051b,1,a18c130946b89ab774bc5948fe71e2a5,ce27a3cc3c8cc1ea79d11e561e9bebb6,2016-10-21 16:24:25,15.0,10.96,2016-10-06 14:36:59,2016Q4
62246c16a32a0866943f17d7b42db940,1,2c818013dbc95f5cd2d6a393a31813e0,391fc6631aebcf3004804e51b40bcf1e,2016-10-21 16:30:18,49.99,19.36,2016-10-06 00:06:17,2016Q4
6335afd8e6b7eb0ebc8bb71ea0008f6f,1,cac8035fdb858496d8e1b60ba8907d24,822b63912576852aea9a8436d72317b7,2016-10-14 11:03:07,949.99,21.97,2016-10-08 02:18:43,2016Q4
63638a6806d67773f3adba8534553fff,1,85b99d83c60cab5b4d8f927ad35212a1,b335c59ab742f751a85db9c411a86739,2016-10-08 13:47:45,67.9,18.98,2016-10-04 13:22:56,2016Q4
640aef9709beda161ca0b5af58ac437c,1,abba22ec8f8647474e51e996d74da8e7,54aa8463e87776b5612f4bdc4bd5d4de,2016-10-15 05:03:14,269.9,16.65,2016-10-07 10:57:46,2016Q4
6460e331ee8f69c01f1423cca48d9991,1,6b2c1aa8429875eb5ade006973f8bad8,ce27a3cc3c8cc1ea79d11e561e9bebb6,2016-10-15 05:02:26,6.0,14.11,2016-10-10 11:17:11,2016Q4
64f5569ef96004a1e1137bdf28fd4c45,1,ecac086eca2f806295b1f43b4f6ca119,dc8798cbf453b7e0f98745e396cc5616,2016-10-10 15:59:50,54.9,14.73,2016-10-05 21:10:56,2016Q4
65d1e226dfaeb8cdc42f665422522d14,1,9c7bdf67b06b419aefb93cfdfc96c55d,ed49da7cadefc454d6a67de249eab240,2016-10-21 16:24:43,21.5,14.11,2016-10-03 21:01:41,2016Q4
67418605ab8f9414a2e238bbcdde1312,1,6c32e1f7898b6a905ee6ccf087461abd,62c50c1af4dfdc4149d25c5222043d39,2016-10-12 18:34:07,129.99,9.9,2016-10-08 14:48:08,2016Q4
676157c2d1075c88ea0009f8d7d2d389,1,f0f3c686ec837b27ec9da08762d85317,710e3548e02bc1d2831dfc4f1b5b14d4,2016-10-11 11:55:28,49.99,26.61,2016-10-07 10:18:50,2016Q4
67adba02e0955286954975ea56f9d17f,1,0980718a7bdcf89f5848b202b6394965,82bd0703a4aefd6b599e5bfdaed378fb,2016-10-14 11:02:07,79.99,18.84,2016-10-09 22:38:35,2016Q4
6ad644c08b98d152d28f183097633d41,1,9fe172fa8e662ca8572cf12abf8bce23,cab85505710c7cb9b720bceb52b01cee,2016-10-12 05:07:45,49.9,10.96,2016-10-08 04:01:53,2016Q4
6b3ee7697a02619a0ace2b3f0aa46bde,1,4c7d4a2efde21e3bf1660926fabc6a9d,ce27a3cc3c8cc1ea79d11e561e9bebb6,2016-10-21 16:25:38,57.0,8.77,2016-10-04 17:08:39,2016Q4
6b5e619dedba6d4297fb10dd5886912f,1,9805b37a2e4983fb5dbb5c8168590c44,d101c6da914ae3d53f7bee42283f2fe2,2016-10-17 22:09:06,89.9,13.71,2016-10-08 17:43:25,2016Q4
6b5e619dedba6d4297fb10dd5886912f,2,9805b37a2e4983fb5dbb5c8168590c44,d101c6da914ae3d53f7bee42283f2fe2,2016-10-17 22:09:06,89.9,13.71,2016-10-08 17:43:25,2016Q4
6e0d2539e48e84296bae6290de41058c,1,4fee671ea459ebc96546523917e254a5,822b63912576852aea9a8436d72317b7,2016-10-21 16:19:48,949.99,32.42,2016-10-04 19:41:52,2016Q4
6e5fe7366a2e1bfbf3257dba0af1267f,1,7721582bb750762d81850267d19881c1,0c8380b62e38e8a1e6adbeba7eb9688c,2016-10-14 12:02:21,19.83,17.0,2016-10-09 22:36:25,2016Q4
6e5fe7366a2e1bfbf3257dba0af1267f,2,65bb78cf0bbc3ca6406f30e6793736f9,391fc6631aebcf3004804e51b40bcf1e,2016-10-14 12:02:20,39.9,19.24,2016-10-09 22:36:25,2016Q4
6e5fe7366a2e1bfbf3257dba0af1267f,3,7721582bb750762d81850267d19881c1,0c8380b62e38e8a1e6adbeba7eb9688c,2016-10-14 12:02:21,19.83,17.0,2016-10-09 22:36:25,2016Q4
6e5fe7366a2e1bfbf3257dba0af1267f,4,65bb78cf0bbc3ca6406f30e6793736f9,391fc6631aebcf3004804e51b40bcf1e,2016-10-14 12:02:20,39.9,19.24,2016-10-09 22:36:25,2016Q4
6e5fe7366a2e1bfbf3257dba0af1267f,5,7721582bb750762d81850267d19881c1,0c8380b62e38e8a1e6adbeba7eb9688c,2016-10-14 12:02:21,19.83,17.0,2016-10-09 22:36:25,2016Q4
6e5fe7366a2e1bfbf3257dba0af1267f,6,65bb78cf0bbc3ca6406f30e6793736f9,391fc6631aebcf3004804e51b40bcf1e,2016-10-14 12:02:20,39.9,19.24,2016-10-09 22:36:25,2016Q4
6eb51c1c9c69f78ea9fd4665fb98b7d2,1,473795a355d29305c3ea6b156833adf5,620c87c171fb2a6dd6e8bb4dec959fc6,2016-10-10 15:56:11,59.9,14.86,2016-10-04 16:40:07,2016Q4
6ece326e25f193d084e3dc092bbdd93b,1,a10553a1882cc51b8910c246613fb0b0,939f6e231201f26803cb5c3a3d2940b3,2016-10-21 16:17:54,59.9,25.92,2016-10-06 20:15:20,2016Q4
6ef172eee30cfbfa01516ce2eb2ee68f,1,d5448c89ef7dc8228e12ae75e180ba74,89bc797e2e29667aa035d4368f9b7f92,2016-10-12 03:51:25,18.9,10.96,2016-10-07 11:37:12,2016Q4
7033745709b7cf1bac7d2533663592de,1,35084deab9603bbb6035bb8638b1df89,df560393f3a51e74553ab94004ba5c87,2016-10-08 14:46:49,93.9,17.61,2016-10-04 14:13:22,2016Q4
711b9be9c346d9ecdb9d38a5e1e7e39b,1,d6f3bd7b1fc04fb1a2effb51ae44ab17,4b1eaadf791bdbbad8c4a35b65236d52,2016-10-21 16:33:27,189.9,12.87,2016-10-04 13:38:37,2016Q4
71303d7e93b399f5bcd537d124c0bcfa,1,d2998d7ced12f83f9b832f33cf6507b6,25e6ffe976bd75618accfe16cefcbd0d,2016-10-21 16:19:54,100.0,9.34,2016-10-02 22:07:52,2016Q4
719628a909505f12f342015fd53a8d43,1,407e01944d78001dbd21da4c2059b8dc,e8f6dc8e6a1dcde89d20e3995c8d90b3,2016-10-10 15:52:45,29.9,10.96,2016-10-05 14:49:49,2016Q4
7254ba1421bac35de5d5da660715bf0e,1,05fca08b4d54ab5d1d371db7d5534136,d03698c2efd04a549382afa6623e27fb,2016-10-11 22:59:24,161.55,15.3,2016-10-07 22:46:51,2016Q4
7559c51df991c6861e6a8be5fb1e3751,1,21fb5057dd6a737df6851a7ab7a130da,b14db04aa7881970e83ffa9426897925,2016-10-15 05:02:30,49.0,20.49,2016-10-07 23:18:38,2016Q4
75fb23d26903b71ce3dd550ae22d2cc1,1,8a90417eb713be09fd87a5d077ae06a2,a36b125ac6d5fdbc7f50de85c9157bdc,2016-10-14 12:02:46,49.99,11.03,2016-10-10 09:23:48,2016Q4
76458889992169d3135b264dc13aec67,1,c50663262403f916d58303c231e7ed3a,391fc6631aebcf3004804e51b40bcf1e,2016-10-11 11:24:44,73.35,12.23,2016-10-07 10:05:16,2016Q4
770d331c84e5b214bd9dc70a10b829d0,1,eba7488e1c67729f045ab43fac426f2e,620c87c171fb2a6dd6e8bb4dec959fc6,2016-10-11 15:07:11,249.9,14.03,2016-10-07 14:52:30,2016Q4
799dc0fd216e2a8e571a2684ddb6f940,1,4a92216ec92c54fca6f132ae1988390d,ea6b12bf9ffe2bac34602ec631d97a47,2016-10-20 16:54:48,128.7,12.29,2016-10-05 22:49:57,2016Q4
79ffdd52a918bbe867895a4b183d6457,1,5691a536d459e5cb326b7bedce928067,c7dcd301ecfe5ab7f778ac172cf74be7,2016-10-21 16:35:09,299.99,19.01,2016-10-04 12:06:11,2016Q4
7a36fa82d4bcff7d936c10be470b9c8e,1,b3b0bce74668bf355cbd94db1e4d17b9,8c16d1f32a54d92897cc437244442e1b,2016-10-11 03:12:09,24.99,17.78,2016-10-05 23:14:34,2016Q4
7a7d2c889e27d93b2005462a8788e168,1,f6fe388c9bfc145a2790437f1e4888d9,dc8798cbf453b7e0f98745e396cc5616,2016-10-10 15:57:05,24.9,10.96,2016-10-05 00:32:31,2016Q4
7ac6f4778cd283c6b76c66fe1e0d4431,1,8bc9dee0f2da0b7ad43095be7ad8414f,76d5af76d0271110f9af36c92573f765,2016-10-11 11:22:49,399.0,56.01,2016-10-07 10:11:42,2016Q4
7cb5aaf8b7b7b439174c2e4efdf4c7a3,1,8bff0b13faf092077c3bba691c07ff16,59fb871bf6f4522a87ba567b42dafecf,2016-10-21 16:23:15,109.99,16.26,2016-10-06 10:13:53,2016Q4
7d0eb8de17d494f4151e4470cd1b0605,1,2929be0cb603321a26091c3f376d52df,066a6914e1ebf3ea95a216c73a986b91,2016-10-10 17:53:06,79.9,11.38,2016-10-06 17:10:05,2016Q4
7d7bf3ee337c36ce012762da5f28f53a,1,4d7ccacbf7d2dd3e566cf5f149fb92e8,897060da8b9a21f655304d50fd935913,2016-10-11 12:14:46,153.0,17.3,2016-10-07 10:46:03,2016Q4
7e2dddf174cc4d2768bf39c43ab2bd7a,1,e41a6ac2f57a273eb0d214c7cbab5db9,a7f13822ceb966b076af67121f87b063,2016-10-14 05:54:52,129.97,29.38,2016-10-09 15:10:41,2016Q4
80606b26965c5ed21e85a085e0667b63,1,c3b7e4d83e530c27a8e6368296aece48,77530e9772f57a62c906e1c21538ab82,2016-10-10 07:46:47,148.0,30.11,2016-10-04 11:03:14,2016Q4
8213bc96304fc0881189c4525f3002f7,1,2504bf725d7aa06820b73b85c5ca6653,1554a68530182680ad5c8b042c3ab563,2016-10-14 11:03:38,32.99,15.56,2016-10-10 07:53:34,2016Q4
82e4f033f60598903866557d89c9c042,1,0ab80f38a21093b448518f68efe82c24,440dd6ab244315c632130ecfb63827b1,2016-10-12 11:02:41,19.9,24.84,2016-10-08 10:26:41,2016Q4
835bf4777ad72891587719f1098e3528,1,2636a9812d151c718b53387171ce08be,b17b679f4f5ce2e03ce6968c62648246,2016-10-11 09:09:13,30.97,10.96,2016-10-07 08:28:29,2016Q4
83812118bb682267a9880ea1b261ac4b,1,eba7488e1c67729f045ab43fac426f2e,620c87c171fb2a6dd6e8bb4dec959fc6,2016-10-11 10:12:10,249.9,27.91,2016-10-04 15:07:21,2016Q4
84d8cb80e8228cbea6d970499c3ce3c3,1,2ef9d434efcd0544c16be36a03c7652a,620c87c171fb2a6dd6e8bb4dec959fc6,2016-10-21 16:24:50,299.9,13.82,2016-10-08 09:55:44,2016Q4
85841af0d94e5d0cd3a9c0e42e565b74,1,0534940d69bf94dc61c0e722b4168235,939f6e231201f26803cb5c3a3d2940b3,2016-10-10 16:03:33,22.9,15.46,2016-10-05 22:39:46,2016Q4
86df4a2f1f5cd47ee3f5bf1781240d1a,1,2636a9812d151c718b53387171ce08be,b17b679f4f5ce2e03ce6968c62648246,2016-10-10 15:58:46,30.97,14.52,2016-10-05 09:19:46,2016Q4
8729a8f7c27d03afe731463091711489,1,4e0946aebc8e1d7521219ec1e7380aed,817f85dbb65aa3e70831d90fe75cdf89,2016-10-21 16:22:50,128.9,23.22,2016-10-05 17:16:17,2016Q4
88130f20a472f28fcca9dd5d50358820,1,b846c1b90a30689a98f530aa20edd424,76d5af76d0271110f9af36c92573f765,2016-10-10 15:44:28,399.0,48.49,2016-10-04 21:35:54,2016Q4
893dc49276696129a9bf6f2a9fe23e57,1,27051f70cfcbd63fec388f34e1f0d2a2,ed859002ad59dbf8cf3602696a6c3000,2016-10-21 16:24:04,149.9,19.33,2016-10-04 20:41:55,2016Q4
89f586f0cbddc6428831c41c8c333c66,1,69faf0d53eb73597d6cfd50175901a56,82bd0703a4aefd6b599e5bfdaed378fb,2016-10-14 01:55:39,29.9,14.59,2016-10-09 12:46:25,2016Q4
8b160e3e272dcca4665850aae31ae6fd,1,d38001d747d4cd832d1ceb2c2d3ca15d,13e85aac53340018b40c2af68001b7e0,2016-10-15 11:02:22,17.8,14.12,2016-10-08 22:41:36,2016Q4
8b388d845a3e8700444b971fa2bef902,1,35bd74b6319ba18ae4f30d8b54144fd2,cca3071e3e9bb7d12640c9fbe2301306,2016-10-13 03:10:59,39.9,13.4,2016-10-04 22:33:44,2016Q4
8b388d845a3e8700444b971fa2bef902,2,dc82d7e8f99966cb4c641f7ea5590eaf,cca3071e3e9bb7d12640c9fbe2301306,2016-10-13 03:10:59,39.9,15.64,2016-10-04 22:33:44,2016Q4
8beb59392e21af5eb9547ae1a9938d06,1,c66def7098f4d87751f40c3a4855ced1,46dc3b2cc0980fb8ec44634e21d2718e,2016-10-13 14:34:31,99.99,11.23,2016-10-08 20:17:50,2016Q4
8c72f52f7655510c1ec81f3b9019c638,1,4a90b44b456e79e7a33435fdd36e551f,c9a06ece156bb057372c68718ec8909b,2016-10-14 11:03:34,380.0,39.06,2016-10-09 22:44:21,2016Q4
8c78d01de3a9009e23d6877a7cc9be20,1,2b50a33b93e3b489f648b9166a62e13d,391fc6631aebcf3004804e51b40bcf1e,2016-10-12 18:13:45,59.9,6.8,2016-10-08 15:36:50,2016Q4
8c78d01de3a9009e23d6877a7cc9be20,2,36696562bef043d7e07305d62baf5ca7,391fc6631aebcf3004804e51b40bcf1e,2016-10-12 18:13:45,159.9,23.12,2016-10-08 15:36:50,2016Q4
8d47519f5c9c42540b37bd3db0492878,1,3d37da85f5e66558333fb5daee494736,ecccfa2bb93b34a3bf033cc5d1dcdc69,2016-10-21 16:20:04,69.9,19.48,2016-10-04 21:32:35,2016Q4
8e7ef380ad5ae407dffbe2f0826cae73,1,4e77e23d6c2215228d4ab312c0b8d405,0747d5bb69f0586cc869d8af4c50f93e,2016-10-15 05:02:45,32.9,14.52,2016-10-07 09:33:06,2016Q4
8fe36dfd03ccfe3ed3d492c146705b9d,1,c66def7098f4d87751f40c3a4855ced1,46dc3b2cc0980fb8ec44634e21d2718e,2016-10-14 12:02:48,99.99,11.23,2016-10-09 22:34:11,2016Q4
90aea7c4e52538a18cb9bbfd16f09185,1,4fee671ea459ebc96546523917e254a5,822b63912576852aea9a8436d72317b7,2016-10-21 16:24:58,949.99,29.92,2016-10-04 19:25:29,2016Q4
90bd4466c2905d7b5b56370149e62bcc,1,269e87010f6d5e57015a90b00983e334,0db783cfcd3b73998abc6e10e59a102f,2016-10-14 00:22:45,35.0,16.05,2016-10-09 11:33:12,2016Q4
91c96626f9e13b1b71a1f3e7ed52dd7a,1,fb21cbf5cf37c8282a583cf8b6e770dc,b17b679f4f5ce2e03ce6968c62648246,2016-10-13 02:33:03,75.9,26.79,2016-10-08 21:04:27,2016Q4
92b44b87f1f7670b8911c5f0e642435e,1,f07ef9dd6e2d9a366ff30a25e210be70,62c50c1af4dfdc4149d25c5222043d39,2016-10-10 07:45:48,149.99,11.66,2016-10-05 11:08:46,2016Q4
9315757eaf0e782619bed131508dbddb,1,e41a6ac2f57a273eb0d214c7cbab5db9,a7f13822ceb966b076af67121f87b063,2016-10-11 10:44:55,129.97,20.49,2016-10-07 09:41:02,2016Q4
95d31d53ccc53bca2c13fcd535d67526,1,d5f4f441812a9a67cf8fa6d6019192c8,b1fecf4da1fa2689bccffa0121953643,2016-10-11 14:52:27,174.9,17.65,2016-10-07 14:40:45,2016Q4
95e01270fcbae9863423400103359279,1,b73f6899a58fe7a37e55149e9a11c717,a7f13822ceb966b076af67121f87b063,2016-10-10 15:51:43,86.99,28.23,2016-10-04 18:52:56,2016Q4
96123b9ae5a9cdfd4efe5fe402a94675,1,8a8ffceebd3e62e6b982760275d38128,ecccfa2bb93b34a3bf033cc5d1dcdc69,2016-10-12 04:27:44,131.99,17.55,2016-10-07 16:50:52,2016Q4
966f96af9d189dc428ff04ebbca821b8,1,112dad9870ca76046f327b9c08f00b29,5f2684dab12e59f83bef73ae57724e45,2016-10-21 16:40:32,129.9,12.44,2016-10-04 20:41:45,2016Q4
96caf486ad384c707d860dbb4e519794,1,77cad52aa444e612b99517bebbb4abb2,fa1a9dec3a9940c072684a46728bf1fc,2016-10-15 08:57:48,99.9,16.26,2016-10-10 10:20:13,2016Q4
97d2f8fe76f2f253b8291e17b5383884,1,a8255c87078b4bd9bc05fe7290ca5c25,a7f13822ceb966b076af67121f87b063,2016-10-10 15:51:26,279.99,121.2,2016-10-05 11:54:15,2016Q4
985db56d4cabd2577d0960194dd2cd5a,1,062619359d5f9a664606cb2a6ccb477a,b1fecf4da1fa2689bccffa0121953643,2016-10-21 16:33:54,136.9,17.39,2016-10-04 15:35:35,2016Q4
98750f114ae6088d04ea0d3cfe3f137f,1,5c75915e4a74994308fe805cdbfbf5f5,63b9ae557efed31d1f7687917d248a8d,2016-10-10 03:07:51,10.0,14.52,2016-10-05 11:44:41,2016Q4
98974b076b01553d49ee6467905675a7,1,ecf23a6c1689e2bed38171ececac6138,5b179e9e8cc7ab6fd113a46ca584da81,2016-10-21 16:20:21,109.9,11.23,2016-10-04 15:44:44,2016Q4
98beb6d036255a151fd6d5000ad66da8,1,525a5744fb5d26e4035d0610446900c5,f41ce2e25237f9092cd8e6e7516c7a2f,2016-10-15 04:56:37,58.0,14.6,2016-10-07 14:42:07,2016Q4
99d3df1714b20b9eb9734e731927379a,1,42d2add84cc80443a8128adc87b6a958,620c87c171fb2a6dd6e8bb4dec959fc6,2016-10-13 15:57:14,299.9,19.19,2016-10-08 23:46:06,2016Q4
9aa3197e4887919fde0307fc23601d7a,1,1949890685a12526806e9463ba1a3964,c12d7463a579237ffb9248bd7cff378b,2016-10-10 16:07:00,25.9,8.72,2016-10-06 13:16:56,2016Q4
9d664ec86be69d869bb6870294c4fdd8,1,d26580768894ea0cdc9f19dc672956c2,d50d79cb34e38265a8649c383dcffd48,2016-10-12 19:55:50,169.99,34.39,2016-10-08 15:02:10,2016Q4
a041155864e5141116458291313b35c2,1,29bedbfbe73ea473396306b4f0c010ec,5b179e9e8cc7ab6fd113a46ca584da81,2016-10-10 15:56:28,89.9,27.96,2016-10-04 15:10:15,2016Q4
a08d1f4b300c3d7ec52f5f9a74234eca,1,1da5a90b5fbd1e1bc37b7bbb999c7bd3,de66a66f2dd06bb9ec37aa96987466a3,2016-10-21 16:25:05,45.89,11.17,2016-10-10 11:08:53,2016Q4
a241bea87dcdd0160ca94ebdba5bdbb9,1,e96867993d08fadbc6f828871885f897,620c87c171fb2a6dd6e8bb4dec959fc6,2016-10-10 16:03:06,279.9,17.45,2016-10-06 09:22:35,2016Q4
a41c8759fbe7aab36ea07e038b2d4465,1,b72b39418216e944bb34e35f4d3ea8c7,45d33f715e24d15a6ccf5c17b3a23e3c,2016-10-21 16:18:26,36.49,17.24,2016-10-03 21:13:36,2016Q4
a6475bb7a50387e3c665534e15bd40ac,1,39731b928af43b0f49dd60d4706e403f,432c67955c0acd1fd6b0b5d678766a71,2016-10-09 02:46:18,599.0,60.41,2016-10-04 16:28:25,2016Q4
a8846701b9f3e21e64c9062ed3f4dfd7,1,b11456f416365fcb044ae90260691ccd,4bde6149c15cf7e177b36fa060dd6de8,2016-10-11 12:15:24,79.9,16.33,2016-10-07 11:33:35,2016Q4
a8c3f65a43b2e956cbfca10db4300853,1,e08d86e1c599e2373d95380ac9a3ccc8,3606774ec64634822d78dc2db6d37045,2016-10-10 15:46:27,179.9,16.37,2016-10-04 23:39:01,2016Q4
a909c24a30d5a05204ecb7ef3f11e321,1,5008f57a319af1670091cd1d64656910,515d781150feed28a6ac091bb0e3cb8c,2016-10-11 22:15:33,212.4,25.57,2016-10-07 21:50:26,2016Q4
a9fc3ae13c740ad46532fd50b61c69d5,1,bd701724b9bc9f955e22db8ec65b5097,bac44fa8e13424950488659b5f765c41,2016-10-10 15:44:57,19.9,14.52,2016-10-04 22:43:33,2016Q4
ab8e5f9b860cd703f5f647200c2c7b58,1,95c40b993a22463c83beb5c51a03d46c,85d9eb9ddc5d00ca9336a2219c97bb13,2016-10-22 16:21:54,20.9,14.52,2016-10-06 09:07:52,2016Q4
ac00d3859c095d282f6bef69e0ed1b38,1,a760ef0bb70c954d79e62ec6023d380c,01cf7e3d21494c41fb86034f2e714fa1,2016-10-15 18:32:03,69.9,19.26,2016-10-06 18:03:01,2016Q4
ac2b7c522d811acba0aa270ed3e112e4,1,4632bc49b300378ed4f1d48f424d414e,ed859002ad59dbf8cf3602696a6c3000,2016-10-10 15:44:27,294.9,20.34,2016-10-05 15:08:00,2016Q4
acf83f0e8fb878cb25197344426ed10b,1,5cd07c84a1c25575ac2fc3fa73f1d952,86bb7c4b535e49a541baf3266b1c95b1,2016-10-11 02:49:22,629.9,34.03,2016-10-05 09:46:43,2016Q4
ad1aeeb1a99c9f021e38a49865bb812c,1,d9894482fba41f536a273ba2276d951f,024b564ae893ce8e9bfa02c10a401ece,2016-10-21 16:23:50,77.9,26.3,2016-10-05 12:41:38,2016Q4
ad1aeeb1a99c9f021e38a49865bb812c,2,d9894482fba41f536a273ba2276d951f,024b564ae893ce8e9bfa02c10a401ece,2016-10-21 16:23:50,77.9,26.3,2016-10-05 12:41:38,2016Q4
ad1aeeb1a99c9f021e38a49865bb812c,3,d9894482fba41f536a273ba2276d951f,024b564ae893ce8e9bfa02c10a401ece,2016-10-21 16:23:50,77.9,26.3,2016-10-05 12:41:38,2016Q4
ad1aeeb1a99c9f021e38a49865bb812c,4,d9894482fba41f536a273ba2276d951f,024b564ae893ce8e9bfa02c10a401ece,2016-10-21 16:23:50,77.9,26.3,2016-10-05 12:41:38,2016Q4
ad1aeeb1a99c9f021e38a49865bb812c,5,d9894482fba41f536a273ba2276d951f,024b564ae893ce8e9bfa02c10a401ece,2016-10-21 16:23:50,77.9,26.3,2016-10-05 12:41:38,2016Q4
ad1aeeb1a99c9f021e38a49865bb812c,6,d9894482fba41f536a273ba2276d951f,024b564ae893ce8e9bfa02c10a401ece,2016-10-21 16:23:50,77.9,26.3,2016-10-05 12:41:38,2016Q4
ae0913baa54f18027667d8049c36fde2,1,0f3c8906e5b08127d539956bc587074c,f67efa3f0b6761102a7f8c6b7b571f5d,2016-10-21 16:33:37,149.99,23.41,2016-10-04 18:02:37,2016Q4
ae8a60e4b03c5a4ba9ca0672c164b181,1,a5c3ddb1a400f50d1cf7138727aec136,817f85dbb65aa3e70831d90fe75cdf89,2016-10-21 16:27:42,128.9,25.67,2016-10-03 22:44:10,2016Q4
aef214f769de82d355c5d2ab49e15891,1,dca18a6e2fb6da75092ed874094ed7b6,5656537e588803a555b8eb41f07a944b,2016-10-10 16:03:14,31.89,15.65,2016-10-06 13:07:13,2016Q4
b04bd4e0a1a21fef81b1f24f6fb81c08,1,bdfe450775bde583b7abb5698f1bd6e2,56642bcb79900e777d68e91915cb4267,2016-10-15 05:03:18,131.0,12.78,2016-10-10 18:05:54,2016Q4
b0cfee6ce5503781be6004e0e31e4309,1,44377a26f7c80dbf0a9b2b300604e6bf,ecccfa2bb93b34a3bf033cc5d1dcdc69,2016-10-21 16:24:03,99.9,16.27,2016-10-04 18:07:24,2016Q4
b157079a62d77688a0f66043aa1f0306,1,6c0163ecd7df58f4240f9a83ca6079c7,afa6714acee029b2dfdf357e5579cc03,2016-10-12 18:54:23,119.9,15.01,2016-10-08 15:42:14,2016Q4
b19169c7cb8391fb8561e094d61c531a,1,bdcec8e22b04a8f4241d87bcfe9ea877,d101c6da914ae3d53f7bee42283f2fe2,2016-10-21 16:35:49,28.9,14.11,2016-10-10 15:49:59,2016Q4
b19169c7cb8391fb8561e094d61c531a,2,bdcec8e22b04a8f4241d87bcfe9ea877,d101c6da914ae3d53f7bee42283f2fe2,2016-10-21 16:35:49,28.9,14.11,2016-10-10 15:49:59,2016Q4
b19169c7cb8391fb8561e094d61c531a,3,bdcec8e22b04a8f4241d87bcfe9ea877,d101c6da914ae3d53f7bee42283f2fe2,2016-10-21 16:35:49,28.9,14.11,2016-10-10 15:49:59,2016Q4
b1d88d1e4179448cac98b8d433e23316,1,6c0d548acd149f30331671548dda66e8,440dd6ab244315c632130ecfb63827b1,2016-10-11 03:14:15,89.9,17.47,2016-10-06 15:14:09,2016Q4
b2f92b2f7047cd8b35580d629d7b3bfb,1,8f1e43e0e3374ed8c84df748034d6179,ecccfa2bb93b34a3bf033cc5d1dcdc69,2016-10-21 16:27:28,59.9,11.31,2016-10-05 08:04:21,2016Q4
b330d4bdde86ff11a726ee57dd2a7d75,1,382d28bfa85a9857cd10bfdb1b8b7f80,4b90495391ac0bd181a80a459df1e718,2016-10-10 16:06:06,248.0,18.11,2016-10-05 22:24:40,2016Q4
b3aa45b7ba0f950a1b163a9f85f613de,1,7e7e1af4ab49963c6e1245b2dbd8f492,11305281b50fff20ae8bb473f8e11876,2016-10-14 03:15:42,44.99,15.53,2016-10-09 13:31:57,2016Q4
b44d71edad65f41824d2e177470ef8f6,1,8b39be5bbb8a4585ed19cacbf4162c27,9c3c24eca51c52b91c1de727d2a2ae06,2016-10-14 16:04:50,49.9,11.74,2016-10-10 15:23:51,2016Q4
b533dea24ada4dc5c1a9041d25d7c812,1,661e3bba6bdb874638367462b49ae590,23613d49c3ac2bd302259e55c06c050c,2016-10-15 04:56:41,15.9,14.52,2016-10-08 21:12:48,2016Q4
b582532527260a8be949eac9f4d0ccff,1,c29a770821480abc0e0150220a24e7cc,cca3071e3e9bb7d12640c9fbe2301306,2016-10-15 04:56:46,49.9,26.61,2016-10-08 14:31:26,2016Q4
b7026ba7432929d99880463305b8ce98,1,f3dd572f31692bb5b6ab21d2af0673b1,b7ba853e9551f4558440881fd3e5c815,2016-10-21 16:32:42,136.9,25.7,2016-10-06 16:17:56,2016Q4
b88cd65e1d90bf6e185bf9b6f0b614cd,1,57e5c7033739b88d673eba67e9cf9376,89bc797e2e29667aa035d4368f9b7f92,2016-10-15 16:13:12,29.9,10.96,2016-10-10 12:54:46,2016Q4
b8b9d7046c083150cb5360b83a8ebb51,1,12715d8bb61f9c2c26219377d9737584,8fdca8e349553f99bc738833a62c8802,2016-10-10 16:05:20,107.99,11.8,2016-10-06 12:51:54,2016Q4
bb9fd560a08ca7403789dedaca85da14,1,3c37a8a5d5ef2eca9d5e6ccf39673031,46dc3b2cc0980fb8ec44634e21d2718e,2016-10-21 16:23:22,199.99,17.31,2016-10-04 21:25:32,2016Q4
bc0e0c28cbe995798d3afb7c7c75d269,1,fd8a5b9a8a79d7ba0739d69be5dc5aa1,7e93a43ef30c4f03f38b393420bc753a,2016-10-12 03:19:10,1399.0,24.55,2016-10-08 01:28:14,2016Q4
bcbc0973414b1dd97555e6f8e9713cfa,1,48a12f318432c4b6a1fdfd5d79372e66,cca3071e3e9bb7d12640c9fbe2301306,2016-10-09 03:45:42,79.9,15.91,2016-10-04 23:59:01,2016Q4
bcbc0973414b1dd97555e6f8e9713cfa,2,fd440fd792fd8a4b681f1eb258c25445,cca3071e3e9bb7d12640c9fbe2301306,2016-10-09 03:45:42,79.9,15.91,2016-10-04 23:59:01,2016Q4
bcbc0973414b1dd97555e6f8e9713cfa,3,66e08854f9319c6aa4874ca435598331,cca3071e3e9bb7d12640c9fbe2301306,2016-10-09 03:45:42,79.9,15.91,2016-10-04 23:59:01,2016Q4
bcbc0973414b1dd97555e6f8e9713cfa,4,d48e56be99464cbf285a9da17f618165,cca3071e3e9bb7d12640c9fbe2301306,2016-10-09 03:45:42,79.9,15.91,2016-10-04 23:59:01,2016Q4
bd50a7fe9fd97ea4b7663031a319e150,1,f5d8f4fbc70ca2a0038b9a0010ed5cb0,48efc9d94a9834137efd9ea76b065a38,2016-12-27 23:16:47,10.9,8.72,2016-12-23 23:16:47,2016Q4
bd726a1bcd046edd7019cee8a66245f7,1,ec1600d8f15b93ce3e402f522696a18c,432c67955c0acd1fd6b0b5d678766a71,2016-10-15 11:02:24,389.0,60.65,2016-10-08 18:39:08,2016Q4
be5bc2f0da14d8071e2d45451ad119d9,1,fd7fd78fd3cbc1b0a6370a7909c0a629,f09b760d23495ac9a7e00d29b769007c,2016-10-21 16:33:46,21.9,17.19,2016-10-03 16:56:50,2016Q4
bfd31c6f76ff82a41e7beb05565aec4d,1,b4b1c13bd539cdda68bd9a5e899767fb,b7ba853e9551f4558440881fd3e5c815,2016-10-17 16:56:40,239.9,12.29,2016-10-04 14:51:15,2016Q4
c3d9e402b6a0fbe2a5f7fc5b41117c38,1,817e1c2d22418c36386406ccacfa53e8,624f4ece8da4aafb77699233d480f8ef,2016-10-08 10:45:33,189.0,48.45,2016-10-04 10:16:04,2016Q4
c46b48abd599551232324a6e9077bf19,1,eba7488e1c67729f045ab43fac426f2e,620c87c171fb2a6dd6e8bb4dec959fc6,2016-10-10 15:49:48,249.9,20.85,2016-10-05 11:01:40,2016Q4
c4b41c36dd589e901f6879f25a74ec1d,1,9e93b2c4cb5eea05e75a481c129b104d,ce27a3cc3c8cc1ea79d11e561e9bebb6,2016-10-08 13:26:12,9.9,8.72,2016-10-04 12:53:17,2016Q4
c4e980a1d822db426982878b3cfdda6e,1,04df667e73ca2fab4b9a97c86466b699,4d600e08ecbe08258c79e536c5a42fee,2016-10-13 15:15:11,649.17,25.16,2016-10-08 22:06:28,2016Q4
c4f710df20f7d1500da1aef81a993f65,1,c1488892604e4ba5cff5b4eb4d595400,1554a68530182680ad5c8b042c3ab563,2016-10-26 16:35:46,39.99,11.8,2016-10-10 15:50:01,2016Q4
c776863a93dc0740c6e7d78104b21413,1,ddc50b859563aa0b3d663559f3696690,a7f13822ceb966b076af67121f87b063,2016-10-29 09:43:55,176.97,87.11,2016-10-10 15:01:27,2016Q4
c78634fb21ecbb54b2b2498a660082ac,1,db7a58cce179f80f562fb714ceee9319,cca3071e3e9bb7d12640c9fbe2301306,2016-10-21 16:27:35,99.9,12.26,2016-10-07 16:56:35,2016Q4
c78634fb21ecbb54b2b2498a660082ac,2,db7a58cce179f80f562fb714ceee9319,cca3071e3e9bb7d12640c9fbe2301306,2016-10-21 16:27:35,99.9,12.26,2016-10-07 16:56:35,2016Q4
c8258090bca7cc6a62c1e15d7fd995d4,1,f3412532ea4da687eaa6943639812bc3,e8f6dc8e6a1dcde89d20e3995c8d90b3,2016-10-13 23:48:47,134.9,16.09,2016-10-08 21:58:32,2016Q4
c98b0fbac2717f072d5089e8af088304,1,50908a7240199b240e6d857e740cafd8,620c87c171fb2a6dd6e8bb4dec959fc6,2016-10-13 13:57:02,239.9,16.75,2016-10-08 18:45:34,2016Q4
ca3b8093576a51bea61c9782c7771f62,1,1178e5819b87e4a8846d636e39df026b,bd4ff04377f974574f7f0bf9d6ce7dde,2016-10-21 16:33:31,49.99,10.96,2016-10-05 17:14:27,2016Q4
cac247cece621e1bc64748d44331d22d,1,eba7488e1c67729f045ab43fac426f2e,620c87c171fb2a6dd6e8bb4dec959fc6,2016-10-21 16:23:22,249.9,23.87,2016-10-05 12:34:04,2016Q4
cb29497c3782a76b57327c055d58b0e0,1,8adc1d29aa4fd4d758a91ef997c8a0a2,b2ba3715d723d245138f291a6fe42594,2016-10-21 16:22:52,64.9,16.7,2016-10-04 16:41:59,2016Q4
cb29497c3782a76b57327c055d58b0e0,2,8adc1d29aa4fd4d758a91ef997c8a0a2,b2ba3715d723d245138f291a6fe42594,2016-10-21 16:22:52,64.9,16.7,2016-10-04 16:41:59,2016Q4
cb2b577a4ebd84bf84ff3990084d490f,1,a5c3ddb1a400f50d1cf7138727aec136,817f85dbb65aa3e70831d90fe75cdf89,2016-10-21 16:23:04,128.9,21.01,2016-10-05 17:11:49,2016Q4
cbbb524a0e1646aa6cf7a3c0bbe517ad,1,bab7ff9abbcc13690a62d015f2ca8e44,229c3efbfb0ea2058de4ccdfbc3d784a,2016-10-10 02:46:24,75.0,20.58,2016-10-05 07:31:49,2016Q4
cd3b8574c82b42fc8129f6d502690c3e,1,e2a1d45a73dc7f5a7f9236b043431b89,b499c00f28f4b7069ff6550af8c1348a,2016-10-08 10:34:01,29.99,10.96,2016-10-03 22:31:31,2016Q4
cda873529ca7ab71f677d5ec11a40304,1,79938780eb7ffb7289f59a9a283bc06b,ecccfa2bb93b34a3bf033cc5d1dcdc69,2016-10-21 16:29:58,59.9,16.0,2016-10-05 16:57:30,2016Q4
ce9840efc17fbec501472f7c784be1bf,1,bd3024f7222c241a5e112251621397cb,d12c926d74ceff0a90a21184466ce161,2016-10-21 16:25:50,18.9,14.52,2016-10-06 23:21:10,2016Q4
cf47ad2fb60cae3f74b943646f685c94,1,fb01a5fc09b9b9563c2ee41a22f07d54,522620dcb18a6b31cd7bdf73665113a9,2016-10-10 15:44:37,629.9,31.85,2016-10-05 20:09:05,2016Q4
cfdc6f2061897ed3b3f1a9ac3437c6f9,1,201ec8e4fb8456dd06265be68eb419a7,5a8e7d5003a1f221f9e1d6e411de7c23,2016-10-10 15:44:09,59.9,14.83,2016-10-04 22:03:46,2016Q4
cfdc6f2061897ed3b3f1a9ac3437c6f9,2,201ec8e4fb8456dd06265be68eb419a7,5a8e7d5003a1f221f9e1d6e411de7c23,2016-10-10 15:44:09,59.9,14.83,2016-10-04 22:03:46,2016Q4
d01f0aba52a4d7b2cca8d7623538a434,1,e338f548cda0b52650b9acfd317a74db,cab85505710c7cb9b720bceb52b01cee,2016-10-14 12:02:04,54.9,20.94,2016-10-10 07:03:07,2016Q4
d0fc18b01244d3a08b0fd12deede8201,1,508d48ea59be64138f0015d2cb9c75e7,011b0eaba87386a2ae96a7d32bb531d1,2016-10-21 16:18:05,49.99,14.59,2016-10-06 07:08:15,2016Q4
d0fc18b01244d3a08b0fd12deede8201,2,508d48ea59be64138f0015d2cb9c75e7,011b0eaba87386a2ae96a7d32bb531d1,2016-10-21 16:18:05,49.99,14.59,2016-10-06 07:08:15,2016Q4
d1eb8e4e276a4eea13a5c462c0765e60,1,c3b8f6be3507bb05fd83797f81f679bc,2138ccb85b11a4ec1e37afbd1c8eda1f,2016-10-10 03:10:34,19.99,20.8,2016-10-04 19:30:28,2016Q4
d207cc272675637bfed0062edffd0818,1,107177bf61755f05c604fe57e02467d6,cca3071e3e9bb7d12640c9fbe2301306,2016-10-21 16:23:06,119.9,13.56,2016-10-03 22:06:03,2016Q4
d2266b035a47467c40d174c6f55cf4dd,1,c42500bc89ec2aab54ff83f7c31b8773,89bc797e2e29667aa035d4368f9b7f92,2016-10-17 08:08:49,19.9,14.52,2016-10-10 04:31:17,2016Q4
d2292ff2201e74c5db154d1b7ae68cbb,1,e1ed3c28e40cbce2783e79eea79e8701,cca3071e3e9bb7d12640c9fbe2301306,2016-10-21 16:38:42,49.9,11.74,2016-10-04 16:05:29,2016Q4
d263c89354a73314488491185858af42,1,92ee7c820f6eb0c532ecd94508e3cc29,5f0057b677eb963672bf05dfa3f16c34,2016-10-15 05:03:07,24.99,10.96,2016-10-10 04:49:29,2016Q4
d2945e686c883978378a10e49be7fb24,1,c66d6e9a7e915171e7e3102f9afee78c,25e6ffe976bd75618accfe16cefcbd0d,2016-10-11 10:11:11,88.0,11.23,2016-10-06 19:38:12,2016Q4
d2d67121a09535b3a7b6a000e58d8625,1,7cd29da0653abeb444703cc5a957f479,620c87c171fb2a6dd6e8bb4dec959fc6,2016-10-10 16:00:43,49.9,15.56,2016-10-04 22:15:11,2016Q4
d3a84031db6c5de813d5a3a3489712ca,1,8ed9e6b1cbb80b223b70376a8659bee0,ae9690c6e8fee182c28c9ff8e11ca52c,2016-10-14 11:03:10,47.4,12.41,2016-10-09 23:25:13,2016Q4
d3a84031db6c5de813d5a3a3489712ca,2,2d78dc9b1f4a5d1ceb28287b82d85b86,391fc6631aebcf3004804e51b40bcf1e,2016-10-14 11:03:10,39.9,9.31,2016-10-09 23:25:13,2016Q4
d3c8851a6651eeff2f73b0e011ac45d0,1,ca17b18b38db6e0d2c33d362322f2a06,4be2e7f96b4fd749d52dff41f80e39dd,2016-10-21 16:24:45,267.0,32.84,2016-10-05 22:44:13,2016Q4
d3f7c0e804b501782903f7af749eb797,1,571e2f5577f9e5ac24fc2a1daee8924d,5bba18b40e8c973b0f32e748004775b0,2016-10-14 14:42:00,739.98,44.82,2016-10-10 13:57:41,2016Q4
d6e32818428593eefe8ffd7e15acb83e,1,6dab56beb5263f0d554cae5c55809208,f4aba7c0bca51484c30ab7bdc34bcdd1,2016-10-16 04:01:38,39.7,29.32,2016-10-10 14:02:01,2016Q4
d743f434cc2921729af830ce00d474b3,1,a671b5c0b737258c5a3262826e3dd9c5,fa1a9dec3a9940c072684a46728bf1fc,2016-10-10 16:00:00,99.9,16.26,2016-10-06 13:02:32,2016Q4
d868cf92a5a1305fc7277c60062e81ac,1,e12685e3aebb14bb04c2b22992de81cd,cac4c8e7b1ca6252d8f20b2fc1a2e4af,2016-10-22 22:09:07,399.99,20.09,2016-10-08 17:43:26,2016Q4
dabf2b0e35b423f94618bf965fcb7514,1,473795a355d29305c3ea6b156833adf5,620c87c171fb2a6dd6e8bb4dec959fc6,2016-10-13 13:36:59,59.9,0.48,2016-10-09 00:56:52,2016Q4
dabf2b0e35b423f94618bf965fcb7514,2,7cd29da0653abeb444703cc5a957f479,620c87c171fb2a6dd6e8bb4dec959fc6,2016-10-13 13:36:59,49.9,29.94,2016-10-09 00:56:52,2016Q4
dbbbc904081f8e928028432e2e3d7686,1,f38ce47371f868581f8c2df4ffa47fb6,87b740daf17b5d1be335a64164ec6842,2016-10-16 11:16:33,1299.99,100.75,2016-10-06 13:24:15,2016Q4
dc18a044b56ed174037ca164cdf2e921,1,faa268ecc8a8434cb4ebee091b3222d6,f0563bacf40c311f1c4d3d6b67b8a7a7,2016-10-21 16:18:52,1199.0,28.78,2016-10-05 14:16:28,2016Q4
dc5f6cd4492bbffe5bcda9b87856c9a5,1,af667947a84d9ff9d326b60ab75d1ae2,89bc797e2e29667aa035d4368f9b7f92,2016-10-21 16:34:58,39.9,14.52,2016-10-05 13:12:43,2016Q4
dc5f6cd4492bbffe5bcda9b87856c9a5,2,af667947a84d9ff9d326b60ab75d1ae2,89bc797e2e29667aa035d4368f9b7f92,2016-10-21 16:34:58,39.9,14.52,2016-10-05 13:12:43,2016Q4
dc91dbf7defabdf37c52672a989bad1b,1,0b230f10ac2cfc4c831b825bf31a5de2,fa1a9dec3a9940c072684a46728bf1fc,2016-10-10 16:00:14,109.9,17.96,2016-10-06 12:22:07,2016Q4
dd11631d8b02780b78bd97ec44a1ca8c,1,27051f70cfcbd63fec388f34e1f0d2a2,ed859002ad59dbf8cf3602696a6c3000,2016-10-10 15:50:15,149.9,19.33,2016-10-04 23:08:08,2016Q4
dd11631d8b02780b78bd97ec44a1ca8c,2,27051f70cfcbd63fec388f34e1f0d2a2,ed859002ad59dbf8cf3602696a6c3000,2016-10-10 15:50:15,149.9,19.33,2016-10-04 23:08:08,2016Q4
dd359d3c294458c6d642b2eea9212bf5,1,f9bcf9d8e89d012d7dc24fe4de0abd80,897060da8b9a21f655304d50fd935913,2016-10-09 03:08:28,164.0,13.2,2016-10-04 13:02:10,2016Q4
dd845e1cdb19f08d029a727adc9a5a77,1,6d2928252aa5ba6a5fc439571dd0d748,ce27a3cc3c8cc1ea79d11e561e9bebb6,2016-10-14 12:02:00,58.0,17.33,2016-10-10 09:59:46,2016Q4
de1404a068c6c8c909897886a314bad7,1,f422d0d9f8b5f7c27289382b14b61248,1554a68530182680ad5c8b042c3ab563,2016-10-28 16:27:21,69.99,17.58,2016-10-04 15:12:18,2016Q4
de8f4a82099fe4fa6bcb8952ca51420f,1,f27f3e8b4b3836e4d6cd756dfb83e750,80e6699fe29150b372a0c8a1ebf7dcc8,2016-10-14 16:43:19,39.99,24.84,2016-10-10 16:00:30,2016Q4
deb08269080b64b8e69bcd06b808889a,1,3c980d4656c6379e6dfd704a2cc48a88,46dc3b2cc0980fb8ec44634e21d2718e,2016-10-15 01:01:29,249.99,11.93,2016-10-08 15:47:56,2016Q4
df30f88407baa98218b16abe7032899a,1,5e57a146ccdca976190821a00a059ebf,620c87c171fb2a6dd6e8bb4dec959fc6,2016-10-12 13:22:13,339.9,21.27,2016-10-08 11:50:02,2016Q4
e2144124f98f3bf46939bc5183104041,1,8d3995daf4103cf13ff5400bf66c1587,fedaedd3ca31d56ab33e92035e4b361c,2016-10-12 11:00:25,39.9,10.96,2016-10-06 20:06:26,2016Q4
e2ea01f68f92f0c55b08ca739af834b6,1,1097d069f21f90425a11bb3293ca1d87,f7496d659ca9fdaf323c0aae84176632,2016-10-25 06:03:05,119.99,29.4,2016-10-08 10:55:44,2016Q4
e2eaf909eb6ba881117aa407992a5ffb,1,b73f6899a58fe7a37e55149e9a11c717,a7f13822ceb966b076af67121f87b063,2016-10-11 02:49:10,86.99,28.23,2016-10-05 11:05:52,2016Q4
e439ced3d48f1a77f6ecc029cc946a6f,1,a694f2632fae82ef419fd71587103dc9,989becdce12ebc39863c2bceab6f3ca1,2016-10-11 22:59:53,138.0,22.44,2016-10-07 22:35:59,2016Q4
e4ccaabafa125b3b39a9331b0abced9d,1,c351fada6ffa67ee3876b1cc568a90b0,d4f91e8be86b38da2ee35bc489645a9d,2016-10-12 10:54:32,49.99,11.17,2016-10-08 09:50:08,2016Q4
e90f9a57c17a06b37c5830a2ab1bd209,1,6e2c62713ec17c681eacdf653dddb4e5,9df5750209b83567ec144eb299d7d634,2016-10-12 04:17:21,590.0,21.56,2016-10-07 08:28:42,2016Q4
e9555dc20eba7e4e62210df1f438ea00,1,21fb5057dd6a737df6851a7ab7a130da,b14db04aa7881970e83ffa9426897925,2016-10-12 13:19:54,49.0,22.7,2016-10-08 11:33:25,2016Q4
e9555dc20eba7e4e62210df1f438ea00,2,21fb5057dd6a737df6851a7ab7a130da,b14db04aa7881970e83ffa9426897925,2016-10-12 13:19:54,49.0,22.7,2016-10-08 11:33:25,2016Q4
eb45ce36240dbf895bef98be0d1a85d3,1,54c31c4585d30843421c7ea07d80f84e,897060da8b9a21f655304d50fd935913,2016-10-12 09:30:22,32.5,20.8,2016-10-07 08:49:03,2016Q4
ed3d575bd3358123b063ee64cdecdef5,1,9c7bdf67b06b419aefb93cfdfc96c55d,ed49da7cadefc454d6a67de249eab240,2016-10-12 20:38:26,21.5,8.72,2016-10-08 16:02:07,2016Q4
ed83f6065ae47112c8cfbd22e231b6d8,1,bcb4f6803e8889a70dc5ed14c2f5f785,897060da8b9a21f655304d50fd935913,2016-10-12 13:24:51,64.8,11.13,2016-10-08 11:47:15,2016Q4
ed8c7b1b3eb256c70ce0c74231e1da88,1,29bedbfbe73ea473396306b4f0c010ec,5b179e9e8cc7ab6fd113a46ca584da81,2016-10-21 16:21:45,89.9,24.87,2016-10-04 09:59:03,2016Q4
ed90ba41c41da31da8e891ff43a584d1,1,9d86a51639004c70d7b6037f43ecc070,f67efa3f0b6761102a7f8c6b7b571f5d,2016-10-11 15:59:10,139.99,16.23,2016-10-06 16:43:26,2016Q4
edb2a55c055efbb898171ec9fd840ab9,1,e7ffaa35a5caaca3366f5cc5705b5fb2,c7dcd301ecfe5ab7f778ac172cf74be7,2016-10-10 17:11:59,49.9,11.74,2016-10-06 16:34:16,2016Q4
ef1b29b591d31d57c0d7337460dd83c9,1,bfce5e847034e1fbbc1ed0bff6a372c7,cca3071e3e9bb7d12640c9fbe2301306,2016-10-21 16:22:33,74.9,17.37,2016-10-03 22:51:30,2016Q4
f001655c8c646cd1b5185bbc2e7534f3,1,b560b8ea76437c088ea9a83c49316fb5,82bd0703a4aefd6b599e5bfdaed378fb,2016-10-21 16:25:22,44.9,15.7,2016-10-04 23:45:54,2016Q4
f205336be829af209878b6339cf02c7e,1,33ec1056063990a554e2e2cd85219de5,cca3071e3e9bb7d12640c9fbe2301306,2016-10-21 16:33:59,59.9,14.69,2016-10-06 09:59:13,2016Q4
f31853a4f30d4851c847e4494663e749,1,3e8a0f0a4389aa563b110eab167d99d4,a3a38f4affed601eb87a97788c949667,2016-10-10 14:21:56,159.9,16.33,2016-10-06 12:21:47,2016Q4
f3f12fc90564a9b036680a887cd64668,1,4e0946aebc8e1d7521219ec1e7380aed,817f85dbb65aa3e70831d90fe75cdf89,2016-10-21 16:36:21,128.9,16.04,2016-10-04 13:15:52,2016Q4
f688669f48063536e082bb32d634cd46,1,c66def7098f4d87751f40c3a4855ced1,46dc3b2cc0980fb8ec44634e21d2718e,2016-10-15 04:56:14,99.99,11.23,2016-10-07 10:28:56,2016Q4
f69ae31bce06a78d626762b53067c7e0,1,3cdff94d5455b793b415be775cace03c,b17b679f4f5ce2e03ce6968c62648246,2016-10-10 16:03:56,156.97,16.8,2016-10-06 00:12:47,2016Q4
f716dffba1232aaef7c899fb8c14db97,1,5e57a146ccdca976190821a00a059ebf,620c87c171fb2a6dd6e8bb4dec959fc6,2016-10-11 15:59:26,339.9,14.45,2016-10-07 15:12:40,2016Q4
f7310018040436b01ab03f81b301b5de,1,ecf23a6c1689e2bed38171ececac6138,5b179e9e8cc7ab6fd113a46ca584da81,2016-10-11 12:14:57,109.9,11.23,2016-10-07 11:20:34,2016Q4
f7310018040436b01ab03f81b301b5de,2,ecf23a6c1689e2bed38171ececac6138,5b179e9e8cc7ab6fd113a46ca584da81,2016-10-11 12:14:57,109.9,11.23,2016-10-07 11:20:34,2016Q4
f7310018040436b01ab03f81b301b5de,3,ecf23a6c1689e2bed38171ececac6138,5b179e9e8cc7ab6fd113a46ca584da81,2016-10-11 12:14:57,109.9,11.23,2016-10-07 11:20:34,2016Q4
f781dacd75aa73166785a35929546894,1,cf1d8e226162a1d0ad61f29b7ed72d82,7d456afc660226829370f3173d14520c,2016-10-21 16:36:47,48.0,3.62,2016-10-06 08:58:04,2016Q4
f781dacd75aa73166785a35929546894,2,e9b3cf27d68caa64832c4a7c460abcb9,7d456afc660226829370f3173d14520c,2016-10-21 16:36:47,177.9,21.17,2016-10-06 08:58:04,2016Q4
f7886facb594e65f0c41cdbb0583b560,1,5b8423dc7f23089c9c59c5d140eb5a1c,a3a38f4affed601eb87a97788c949667,2016-10-11 02:48:31,129.99,24.11,2016-10-05 20:20:57,2016Q4
f883e09a1fb01318052c6ab839efb34a,1,d984b9203bd56960bbdda0bb7f05f781,0ea22c1cfbdc755f86b9b54b39c16043,2016-10-16 04:01:48,24.9,20.8,2016-10-10 12:54:37,2016Q4
f9b03f7a6e5788ffb6cb6b4cd0d01892,1,44377a26f7c80dbf0a9b2b300604e6bf,ecccfa2bb93b34a3bf033cc5d1dcdc69,2016-10-15 05:02:52,99.9,16.27,2016-10-10 02:17:55,2016Q4
f9c44da06151c190a9a6c9c712873d10,1,b864b103180d5a6a3f830e67f93e8735,f5b84683a9bf9e1df748cf40f601b39c,2016-10-15 15:09:06,83.9,9.07,2016-10-08 22:11:57,2016Q4
fb5114c39f632a52598cf770c6076620,1,269e87010f6d5e57015a90b00983e334,0db783cfcd3b73998abc6e10e59a102f,2016-10-13 14:35:36,35.0,16.05,2016-10-08 20:02:32,2016Q4
fbbc9a4fa88f1ccd651790df665b3e57,1,44377a26f7c80dbf0a9b2b300604e6bf,ecccfa2bb93b34a3bf033cc5d1dcdc69,2016-10-09 02:45:17,99.9,19.53,2016-10-04 13:30:13,2016Q4
fd4b04818375a4ba579a80c8d37f1b24,1,34239894e175b17d8c84edc6c73b4dad,827f8f69dfa529c561901c4f2e0f332f,2016-10-11 14:31:44,27.9,14.52,2016-10-07 14:15:50,2016Q4
